course_id,course_name,credits,hours,course_type,is_public_elective,credit_type,offering_id,department,class_time,classroom,max_students,current_students,status,teacher_id,teacher_name,teacher_title,teacher_department,ta1_id,ta1_name,ta2_id,ta2_name
AI202,概率图模型基础,2.0,32,学科基础,0,任选课,259,人工智能学院,周五6-7节,教二-119,60,1,open,2013112043,宋萍,讲师,人工智能学院,,,,
AI202,概率图模型基础,2.0,32,学科基础,0,任选课,260,人工智能学院,周二1-2节,教二-111,60,15,open,2021113031,黄丹丹,讲师,人工智能学院,,,,
AI202,概率图模型基础,2.0,32,学科基础,0,任选课,261,人工智能学院,周四1-2节,教三-210,60,12,open,2017111234,黄玲,讲师,人工智能学院,,,,
AI202,概率图模型基础,2.0,32,学科基础,0,任选课,262,人工智能学院,周一1-2节,教二-112,60,17,open,2006112008,王秀梅,副研究员,人工智能学院,,,,
AI202,概率图模型基础,2.0,32,学科基础,0,任选课,263,人工智能学院,周五6-7节,教二-114,60,0,open,2006111269,包伟,讲师,人工智能学院,,,,
AI202,概率图模型基础,2.0,32,学科基础,0,任选课,264,人工智能学院,周五6-7节,教二-101,60,0,open,2010113005,刘建平,讲师,人工智能学院,,,,
AI202,概率图模型基础,2.0,32,学科基础,0,任选课,265,人工智能学院,周一1-2节,教三-202,60,18,open,2007113426,沈明,讲师,人工智能学院,,,,
AI202,概率图模型基础,2.0,32,学科基础,0,任选课,266,人工智能学院,周五1-2节,教三-207,60,24,open,2008112034,程凤英,讲师,人工智能学院,,,,
AI202,概率图模型基础,2.0,32,学科基础,0,任选课,267,人工智能学院,周三6-7节,教三-208,60,19,open,2011113052,巫帆,研究员,人工智能学院,,,,
AI302,深度学习,2.0,32,专业必修,0,学位课,268,人工智能学院,周三1-2节,教二-103,60,17,open,2011112149,封桂荣,副研究员,人工智能学院,,,,
AI302,深度学习,2.0,32,专业必修,0,学位课,269,人工智能学院,周一1-2节,教二-117,60,28,open,2015112425,何桂芝,副教授,人工智能学院,,,,
AI302,深度学习,2.0,32,专业必修,0,学位课,270,人工智能学院,周一1-2节,教二-103,60,36,open,2005112366,杨桂香,讲师,人工智能学院,,,,
AI302,深度学习,2.0,32,专业必修,0,学位课,271,人工智能学院,周四1-2节,教二-110,60,25,open,2006111269,包伟,讲师,人工智能学院,,,,
AI304,自然语言处理,2.0,32,专业选修,0,任选课,272,人工智能学院,周二6-7节,教二-115,60,0,open,2005112366,杨桂香,讲师,人工智能学院,,,,
AI304,自然语言处理,2.0,32,专业选修,0,任选课,273,人工智能学院,周二1-2节,主-报告厅,60,0,open,2008112034,程凤英,讲师,人工智能学院,,,,
AI310,人工智能创新与实践,2.0,32,通识选修,1,任选课,127,人工智能学院,周一12节,教三-201,60,60,open,2015112425,何桂芝,副教授,人工智能学院,,,,
AI310,人工智能创新与实践,2.0,32,通识选修,1,任选课,128,人工智能学院,周一12节,教三-201,60,60,open,2008112034,程凤英,讲师,人工智能学院,,,,
AI310,人工智能创新与实践,2.0,32,通识选修,1,任选课,129,人工智能学院,周一12节,教三-201,60,60,open,2005112414,白淑珍,讲师,人工智能学院,,,,
AI402,强化学习,2.0,32,专业选修,0,任选课,274,人工智能学院,周二6-7节,教三-204,60,0,open,2006111015,杨玉华,讲师,人工智能学院,,,,
AI402,强化学习,2.0,32,专业选修,0,任选课,275,人工智能学院,周三6-7节,教二-101,60,0,open,2012111098,许秀珍,讲师,人工智能学院,,,,
CM202,C++程序设计基础,3.0,48,学科基础,0,任选课,136,计算机学院,周五6-8节,教三-205,60,60,open,2013061089,赖兰英,副教授,计算机学院,,,,
CM202,C++程序设计基础,3.0,48,学科基础,0,任选课,137,计算机学院,周四6-8节,教二-117,60,60,open,2010063249,徐英,讲师,计算机学院,,,,
CM202,C++程序设计基础,3.0,48,学科基础,0,任选课,138,计算机学院,周四6-8节,教二-106,60,60,open,2021061348,陈丹丹,讲师,计算机学院,,,,
CM202,C++程序设计基础,3.0,48,学科基础,0,任选课,139,计算机学院,周四1-3节,教二-105,60,60,open,2007063391,冷建,讲师,计算机学院,,,,
CM202,C++程序设计基础,3.0,48,学科基础,0,任选课,140,计算机学院,周四6-8节,教二-120,60,60,open,2005063053,卢杰,研究员,计算机学院,,,,
CM202,C++程序设计基础,3.0,48,学科基础,0,任选课,141,计算机学院,周一1-3节,教二-106,60,60,open,2007062319,王磊,副研究员,计算机学院,,,,
CM202,C++程序设计基础,3.0,48,学科基础,0,任选课,142,计算机学院,周一1-3节,教二-104,60,60,open,2015063402,鞠丽华,讲师,计算机学院,,,,
CM202,C++程序设计基础,3.0,48,学科基础,0,任选课,143,计算机学院,周四6-8节,教二-109,60,60,open,2009061067,许桂花,讲师,计算机学院,,,,
CM202,C++程序设计基础,3.0,48,学科基础,0,任选课,144,计算机学院,周三1-3节,教二-114,60,60,open,2010063445,易斌,教授,计算机学院,,,,
CM204,数据结构与算法设计,2.0,32,学科基础,0,任选课,145,计算机学院,周二1-2节,教三-208,60,60,open,2010063249,徐英,讲师,计算机学院,,,,
CM204,数据结构与算法设计,2.0,32,学科基础,0,任选课,146,计算机学院,周五1-2节,教二-115,60,60,open,2021061035,韦峰,讲师,计算机学院,,,,
CM204,数据结构与算法设计,2.0,32,学科基础,0,任选课,147,计算机学院,周四9-10节,教三-203,60,60,open,2005063053,卢杰,研究员,计算机学院,,,,
CM204,数据结构与算法设计,2.0,32,学科基础,0,任选课,148,计算机学院,周五6-7节,教二-120,60,60,open,2018062263,萧桂兰,研究员,计算机学院,,,,
CM204,数据结构与算法设计,2.0,32,学科基础,0,任选课,149,计算机学院,周三1-2节,教三-206,60,60,open,2017063132,甄帆,副教授,计算机学院,,,,
CM204,数据结构与算法设计,2.0,32,学科基础,0,任选课,150,计算机学院,周四9-10节,教三-210,60,60,open,2021061348,陈丹丹,讲师,计算机学院,,,,
CM204,数据结构与算法设计,2.0,32,学科基础,0,任选课,151,计算机学院,周五6-7节,教三-201,60,60,open,2015063402,鞠丽华,讲师,计算机学院,,,,
CM204,数据结构与算法设计,2.0,32,学科基础,0,任选课,152,计算机学院,周五6-7节,教二-106,60,60,open,2006062247,王玉兰,讲师,计算机学院,,,,
CM204,数据结构与算法设计,2.0,32,学科基础,0,任选课,153,计算机学院,周五6-7节,教三-208,60,60,open,2016061161,任玲,副教授,计算机学院,,,,
CM206,计算机组成原理,2.0,32,学科基础,0,任选课,154,计算机学院,周五3-4节,教二-102,60,60,open,2021061035,韦峰,讲师,计算机学院,,,,
CM206,计算机组成原理,2.0,32,学科基础,0,任选课,155,计算机学院,周三3-4节,教二-109,60,60,open,2017063132,甄帆,副教授,计算机学院,,,,
CM206,计算机组成原理,2.0,32,学科基础,0,任选课,156,计算机学院,周五1-2节,教二-105,60,60,open,2012062315,王洋,讲师,计算机学院,,,,
CM206,计算机组成原理,2.0,32,学科基础,0,任选课,157,计算机学院,周二1-2节,教二-113,60,60,open,2020061388,鞠丹,讲师,计算机学院,,,,
CM206,计算机组成原理,2.0,32,学科基础,0,任选课,158,计算机学院,周五1-2节,教三-203,60,60,open,2018063057,李凤兰,讲师,计算机学院,,,,
CM206,计算机组成原理,2.0,32,学科基础,0,任选课,159,计算机学院,周五6-7节,教三-207,60,60,open,2016061167,李峰,讲师,计算机学院,,,,
CM206,计算机组成原理,2.0,32,学科基础,0,任选课,160,计算机学院,周三1-2节,教二-119,60,60,open,2016061161,任玲,副教授,计算机学院,,,,
CM206,计算机组成原理,2.0,32,学科基础,0,任选课,161,计算机学院,周四1-2节,教二-106,60,60,open,2005063053,卢杰,研究员,计算机学院,,,,
CM206,计算机组成原理,2.0,32,学科基础,0,任选课,162,计算机学院,周三6-7节,教二-104,60,60,open,2017062345,林秀荣,讲师,计算机学院,,,,
CM208,数据库系统基础,2.0,32,学科基础,0,任选课,163,计算机学院,周二6-7节,教二-101,60,60,open,2016061161,任玲,副教授,计算机学院,,,,
CM208,数据库系统基础,2.0,32,学科基础,0,任选课,164,计算机学院,周五1-2节,教二-112,60,60,open,2018061039,高欣,讲师,计算机学院,,,,
CM208,数据库系统基础,2.0,32,学科基础,0,任选课,165,计算机学院,周三6-7节,教三-209,60,60,open,2020063372,韩凤兰,讲师,计算机学院,,,,
CM208,数据库系统基础,2.0,32,学科基础,0,任选课,166,计算机学院,周三1-2节,教二-108,60,60,open,2006062347,陈雷,讲师,计算机学院,,,,
CM208,数据库系统基础,2.0,32,学科基础,0,任选课,167,计算机学院,周四6-7节,教二-114,60,60,open,2009063116,龙洁,讲师,计算机学院,,,,
CM208,数据库系统基础,2.0,32,学科基础,0,任选课,168,计算机学院,周三1-2节,教二-105,60,60,open,2010063249,徐英,讲师,计算机学院,,,,
CM208,数据库系统基础,2.0,32,学科基础,0,任选课,169,计算机学院,周四6-7节,教三-206,60,60,open,2013063082,王晶,讲师,计算机学院,,,,
CM208,数据库系统基础,2.0,32,学科基础,0,任选课,170,计算机学院,周五6-7节,主-报告厅,60,60,open,2007061115,武丽丽,讲师,计算机学院,,,,
CM208,数据库系统基础,2.0,32,学科基础,0,任选课,171,计算机学院,周三6-7节,教二-107,60,60,open,2011063137,刘梅,讲师,计算机学院,,,,
CM210,软件工程导论,2.0,32,学科基础,0,任选课,172,计算机学院,周四1-2节,主-报告厅,60,60,open,2015062069,段桂荣,研究员,计算机学院,,,,
CM210,软件工程导论,2.0,32,学科基础,0,任选课,173,计算机学院,周四6-7节,教二-107,60,60,open,2016061161,任玲,副教授,计算机学院,,,,
CM210,软件工程导论,2.0,32,学科基础,0,任选课,174,计算机学院,周一6-7节,教三-209,60,60,open,2005063053,卢杰,研究员,计算机学院,,,,
CM210,软件工程导论,2.0,32,学科基础,0,任选课,175,计算机学院,周三1-2节,教三-205,60,60,open,2009061067,许桂花,讲师,计算机学院,,,,
CM210,软件工程导论,2.0,32,学科基础,0,任选课,176,计算机学院,周五6-7节,教二-109,60,60,open,2021063076,张艳,讲师,计算机学院,,,,
CM210,软件工程导论,2.0,32,学科基础,0,任选课,177,计算机学院,周二1-2节,教二-102,60,60,open,2017062345,林秀荣,讲师,计算机学院,,,,
CM210,软件工程导论,2.0,32,学科基础,0,任选课,178,计算机学院,周五6-7节,教三-202,60,60,open,2007062319,王磊,副研究员,计算机学院,,,,
CM210,软件工程导论,2.0,32,学科基础,0,任选课,179,计算机学院,周三6-7节,教二-113,60,60,open,2007061115,武丽丽,讲师,计算机学院,,,,
CM210,软件工程导论,2.0,32,学科基础,0,任选课,180,计算机学院,周二1-2节,教二-109,60,60,open,2021061035,韦峰,讲师,计算机学院,,,,
CS302,操作系统,2.0,32,专业必修,0,学位课,181,计算机学院,周二6-7节,教二-114,60,26,open,2020061448,徐峰,讲师,计算机学院,,,,
CS302,操作系统,2.0,32,专业必修,0,学位课,182,计算机学院,周一6-7节,教二-101,60,16,open,2006062247,王玉兰,讲师,计算机学院,,,,
CS302,操作系统,2.0,32,专业必修,0,学位课,183,计算机学院,周二6-7节,教二-105,60,21,open,2010063336,姚旭,讲师,计算机学院,,,,
CS302,操作系统,2.0,32,专业必修,0,学位课,184,计算机学院,周三1-2节,教二-117,60,9,open,2016061167,李峰,讲师,计算机学院,,,,
CS304,计算机体系结构,2.0,32,专业必修,0,学位课,185,计算机学院,周一1-2节,教二-111,60,28,open,2019063230,吴建国,讲师,计算机学院,,,,
CS304,计算机体系结构,2.0,32,专业必修,0,学位课,186,计算机学院,周五3-4节,教二-112,60,39,open,2012062315,王洋,讲师,计算机学院,,,,
CS304,计算机体系结构,2.0,32,专业必修,0,学位课,187,计算机学院,周五6-7节,教二-111,60,18,open,2009061067,许桂花,讲师,计算机学院,,,,
CS304,计算机体系结构,2.0,32,专业必修,0,学位课,188,计算机学院,周四1-2节,教三-206,60,23,open,2007062319,王磊,副研究员,计算机学院,,,,
CS306,Web应用开发,2.0,32,专业选修,0,任选课,189,计算机学院,周二1-2节,教二-118,60,0,open,2006062247,王玉兰,讲师,计算机学院,,,,
CS306,Web应用开发,2.0,32,专业选修,0,任选课,190,计算机学院,周五1-2节,教二-109,60,0,open,2020061448,徐峰,讲师,计算机学院,,,,
CS402,大数据处理技术,2.0,32,专业选修,0,任选课,191,计算机学院,周一6-7节,主-报告厅,60,0,open,2015063402,鞠丽华,讲师,计算机学院,,,,
CS402,大数据处理技术,2.0,32,专业选修,0,任选课,192,计算机学院,周四6-7节,教二-103,60,0,open,2020062475,陈莉,讲师,计算机学院,,,,
CS410,大模型工业应用及实践,2.0,32,通识选修,1,任选课,130,计算机学院,周一12节,教三-201,60,60,open,2007062319,王磊,副研究员,计算机学院,,,,
CS410,大模型工业应用及实践,2.0,32,通识选修,1,任选课,131,计算机学院,周一12节,教三-201,60,60,open,2017063132,甄帆,副教授,计算机学院,,,,
CS410,大模型工业应用及实践,2.0,32,通识选修,1,任选课,132,计算机学院,周一12节,教三-201,60,60,open,2018063057,李凤兰,讲师,计算机学院,,,,
EE202,模拟电子技术,2.0,32,学科基础,0,任选课,227,电子工程学院,周四1-2节,教二-102,60,13,open,2007083227,林兵,讲师,电子工程学院,,,,
EE202,模拟电子技术,2.0,32,学科基础,0,任选课,228,电子工程学院,周二6-7节,教二-104,60,20,open,2010082179,秦亮,讲师,电子工程学院,,,,
EE202,模拟电子技术,2.0,32,学科基础,0,任选课,229,电子工程学院,周四1-2节,教三-208,60,9,open,2013081025,孙霞,讲师,电子工程学院,,,,
EE202,模拟电子技术,2.0,32,学科基础,0,任选课,230,电子工程学院,周三1-2节,教二-106,60,10,open,2008083088,马帆,讲师,电子工程学院,,,,
EE202,模拟电子技术,2.0,32,学科基础,0,任选课,231,电子工程学院,周四6-7节,教二-105,60,13,open,2018081477,詹晶,讲师,电子工程学院,,,,
EE202,模拟电子技术,2.0,32,学科基础,0,任选课,232,电子工程学院,周四6-7节,主-报告厅,60,9,open,2006082020,俞峰,副研究员,电子工程学院,,,,
EE202,模拟电子技术,2.0,32,学科基础,0,任选课,233,电子工程学院,周一6-7节,教二-106,60,10,open,2017081044,任秀华,讲师,电子工程学院,,,,
EE202,模拟电子技术,2.0,32,学科基础,0,任选课,234,电子工程学院,周一1-2节,教二-110,60,16,open,2017081471,董雪梅,副教授,电子工程学院,,,,
EE202,模拟电子技术,2.0,32,学科基础,0,任选课,235,电子工程学院,周四1-2节,教三-201,60,6,open,2021082334,方宇,副研究员,电子工程学院,,,,
EE302,数字信号处理,2.0,32,专业必修,0,学位课,236,电子工程学院,周五6-7节,教二-105,60,39,open,2013083201,张瑜,研究员,电子工程学院,,,,
EE302,数字信号处理,2.0,32,专业必修,0,学位课,237,电子工程学院,周三6-7节,教二-114,60,11,open,2017081471,董雪梅,副教授,电子工程学院,,,,
EE302,数字信号处理,2.0,32,专业必修,0,学位课,238,电子工程学院,周三6-7节,教三-207,60,23,open,2021083202,萧志强,讲师,电子工程学院,,,,
EE302,数字信号处理,2.0,32,专业必修,0,学位课,239,电子工程学院,周三6-7节,教二-105,60,19,open,2008083304,张伟,讲师,电子工程学院,,,,
EE304,嵌入式系统设计,2.0,32,专业选修,0,任选课,240,电子工程学院,周二1-2节,教三-210,60,0,open,2008083088,马帆,讲师,电子工程学院,,,,
EE304,嵌入式系统设计,2.0,32,专业选修,0,任选课,241,电子工程学院,周四6-7节,教三-203,60,0,open,2005082434,栗秀英,讲师,电子工程学院,,,,
EE402,集成电路设计基础,2.0,32,专业选修,0,任选课,242,电子工程学院,周五6-7节,教二-115,60,0,open,2012081006,黄飞,研究员,电子工程学院,,,,
EE402,集成电路设计基础,2.0,32,专业选修,0,任选课,243,电子工程学院,周二1-2节,教三-201,60,0,open,2008083478,鞠瑞,讲师,电子工程学院,,,,
EE410,小程序设计与开发,2.0,32,通识选修,1,任选课,133,电子工程学院,周一12节,教三-201,60,60,open,2015083383,彭彬,讲师,电子工程学院,,,,
EE410,小程序设计与开发,2.0,32,通识选修,1,任选课,134,电子工程学院,周一12节,教三-201,60,60,open,2007083227,林兵,讲师,电子工程学院,,,,
EE410,小程序设计与开发,2.0,32,通识选修,1,任选课,135,电子工程学院,周一12节,教三-201,60,60,open,2014081083,蒋帅,副教授,电子工程学院,,,,
EN102,大学英语2,2.0,32,公共必修,0,任选课,37,外语学院,周二1-2节,教二-105,120,120,open,2011043357,李莹,讲师,外语学院,,,,
EN102,大学英语2,2.0,32,公共必修,0,任选课,38,外语学院,周二1-2节,教二-106,120,120,open,2016041197,苟凤兰,讲师,外语学院,,,,
EN102,大学英语2,2.0,32,公共必修,0,任选课,39,外语学院,周四6-7节,教二-113,120,120,open,2013041484,周龙,副研究员,外语学院,,,,
EN102,大学英语2,2.0,32,公共必修,0,任选课,40,外语学院,周二1-2节,教二-112,120,120,open,2009042479,石琳,研究员,外语学院,,,,
EN102,大学英语2,2.0,32,公共必修,0,任选课,41,外语学院,周一1-2节,教二-105,120,120,open,2012042346,焦畅,讲师,外语学院,,,,
EN102,大学英语2,2.0,32,公共必修,0,任选课,42,外语学院,周五6-7节,教二-103,120,120,open,2012042305,夏坤,讲师,外语学院,,,,
EN102,大学英语2,2.0,32,公共必修,0,任选课,43,外语学院,周四6-7节,教三-204,120,120,open,2009043446,李琳,讲师,外语学院,,,,
EN102,大学英语2,2.0,32,公共必修,0,任选课,44,外语学院,周一6-7节,教三-204,120,120,open,2009041412,李萍,研究员,外语学院,,,,
EN102,大学英语2,2.0,32,公共必修,0,任选课,45,外语学院,周四1-2节,教二-107,120,120,open,2006043308,孙桂芝,副研究员,外语学院,,,,
EN102,大学英语2,2.0,32,公共必修,0,任选课,46,外语学院,周四6-7节,教二-119,120,120,open,2016043277,朱强,讲师,外语学院,,,,
EN102,大学英语2,2.0,32,公共必修,0,任选课,47,外语学院,周二1-2节,教三-203,120,120,open,2017042243,廖瑜,讲师,外语学院,,,,
EN102,大学英语2,2.0,32,公共必修,0,任选课,48,外语学院,周四1-2节,教二-109,120,120,open,2009042264,何志强,副教授,外语学院,,,,
EN104,大学英语4,2.0,32,公共必修,0,任选课,49,外语学院,周二6-7节,教三-208,120,59,open,2019043135,田春梅,副研究员,外语学院,,,,
EN104,大学英语4,2.0,32,公共必修,0,任选课,50,外语学院,周二1-2节,教二-120,120,52,open,2012042346,焦畅,讲师,外语学院,,,,
EN104,大学英语4,2.0,32,公共必修,0,任选课,51,外语学院,周三1-2节,教二-102,120,49,open,2018042362,萧敏,讲师,外语学院,,,,
EN104,大学英语4,2.0,32,公共必修,0,任选课,52,外语学院,周四1-2节,教二-101,120,56,open,2011041131,黄文,副研究员,外语学院,,,,
EN104,大学英语4,2.0,32,公共必修,0,任选课,53,外语学院,周一1-2节,教二-101,120,62,open,2007041174,李畅,副研究员,外语学院,,,,
EN104,大学英语4,2.0,32,公共必修,0,任选课,54,外语学院,周四6-7节,教三-209,120,66,open,2009043078,祁英,研究员,外语学院,,,,
EN104,大学英语4,2.0,32,公共必修,0,任选课,55,外语学院,周一6-7节,教三-210,120,84,open,2016043277,朱强,讲师,外语学院,,,,
EN104,大学英语4,2.0,32,公共必修,0,任选课,56,外语学院,周四6-7节,教三-201,120,78,open,2012041232,谭杨,讲师,外语学院,,,,
EN104,大学英语4,2.0,32,公共必修,0,任选课,57,外语学院,周一8-9节,教三-207,120,73,open,2009041412,李萍,研究员,外语学院,,,,
EN104,大学英语4,2.0,32,公共必修,0,任选课,58,外语学院,周一6-7节,教二-117,120,78,open,2007042326,赵静,讲师,外语学院,,,,
EN104,大学英语4,2.0,32,公共必修,0,任选课,59,外语学院,周三6-7节,主-报告厅,120,49,open,2017043027,邹明,讲师,外语学院,,,,
EN104,大学英语4,2.0,32,公共必修,0,任选课,60,外语学院,周二1-2节,教二-108,120,43,open,2009043446,李琳,讲师,外语学院,,,,
GE102,经济学原理,2.0,32,通识选修,1,任选课,97,人文学院,周一12节,教三-201,60,60,open,2012051272,孙波,讲师,人文学院,,,,
GE102,经济学原理,2.0,32,通识选修,1,任选课,98,人文学院,周一12节,教三-201,60,60,open,2018051418,李淑华,讲师,人文学院,,,,
GE102,经济学原理,2.0,32,通识选修,1,任选课,99,人文学院,周一12节,教三-201,60,60,open,2014051125,谢飞,教授,人文学院,,,,
GE104,影视鉴赏,2.0,32,通识选修,1,任选课,100,人文学院,周一12节,教三-201,60,60,open,2016052245,马旭,讲师,人文学院,,,,
GE104,影视鉴赏,2.0,32,通识选修,1,任选课,101,人文学院,周一12节,教三-201,60,60,open,2017052194,姜春梅,副研究员,人文学院,,,,
GE104,影视鉴赏,2.0,32,通识选修,1,任选课,102,人文学院,周一12节,教三-201,60,60,open,2018053219,樊颖,讲师,人文学院,,,,
GE106,心理学导论,2.0,32,通识选修,1,任选课,103,人文学院,周一12节,教三-201,60,60,open,2010051281,李俊,讲师,人文学院,,,,
GE106,心理学导论,2.0,32,通识选修,1,任选课,104,人文学院,周一12节,教三-201,60,60,open,2014053163,钟荣,研究员,人文学院,,,,
GE106,心理学导论,2.0,32,通识选修,1,任选课,105,人文学院,周一12节,教三-201,60,60,open,2016052394,罗燕,讲师,人文学院,,,,
GE108,哲学与人生,2.0,32,通识选修,1,任选课,106,人文学院,周一12节,教三-201,60,60,open,2012051272,孙波,讲师,人文学院,,,,
GE108,哲学与人生,2.0,32,通识选修,1,任选课,107,人文学院,周一12节,教三-201,60,60,open,2017053187,张莹,研究员,人文学院,,,,
GE108,哲学与人生,2.0,32,通识选修,1,任选课,108,人文学院,周一12节,教三-201,60,60,open,2021052331,卢玉,讲师,人文学院,,,,
GE110,创新创业基础,2.0,32,通识选修,1,任选课,109,人文学院,周一12节,教三-201,60,60,open,2016053017,王倩,研究员,人文学院,,,,
GE110,创新创业基础,2.0,32,通识选修,1,任选课,110,人文学院,周一12节,教三-201,60,60,open,2018053378,陆莉,讲师,人文学院,,,,
GE110,创新创业基础,2.0,32,通识选修,1,任选课,111,人文学院,周一12节,教三-201,60,60,open,2010052474,迟凤兰,讲师,人文学院,,,,
GE112,音乐鉴赏,2.0,32,通识选修,1,任选课,112,人文学院,周一12节,教三-201,60,60,open,2005051036,张淑英,讲师,人文学院,,,,
GE112,音乐鉴赏,2.0,32,通识选修,1,任选课,113,人文学院,周一12节,教三-201,60,60,open,2016052240,周旭,讲师,人文学院,,,,
GE112,音乐鉴赏,2.0,32,通识选修,1,任选课,114,人文学院,周一12节,教三-201,60,60,open,2014053480,王平,讲师,人文学院,,,,
GE114,环境与可持续发展,2.0,32,通识选修,1,任选课,115,人文学院,周一12节,教三-201,60,60,open,2018051418,李淑华,讲师,人文学院,,,,
GE114,环境与可持续发展,2.0,32,通识选修,1,任选课,116,人文学院,周一12节,教三-201,60,60,open,2014053163,钟荣,研究员,人文学院,,,,
GE114,环境与可持续发展,2.0,32,通识选修,1,任选课,117,人文学院,周一12节,教三-201,60,60,open,2018053378,陆莉,讲师,人文学院,,,,
GE116,公共演讲与表达,2.0,32,通识选修,1,任选课,118,人文学院,周一12节,教三-201,60,60,open,2007053051,陈健,讲师,人文学院,,,,
GE116,公共演讲与表达,2.0,32,通识选修,1,任选课,119,人文学院,周一12节,教三-201,60,60,open,2016053017,王倩,研究员,人文学院,,,,
GE116,公共演讲与表达,2.0,32,通识选修,1,任选课,120,人文学院,周一12节,教三-201,60,60,open,2020052451,李丹,研究员,人文学院,,,,
GE118,项目管理基础,2.0,32,通识选修,1,任选课,121,人文学院,周一12节,教三-201,60,60,open,2015053290,周瑜,讲师,人文学院,,,,
GE118,项目管理基础,2.0,32,通识选修,1,任选课,122,人文学院,周一12节,教三-201,60,60,open,2005051036,张淑英,讲师,人文学院,,,,
GE118,项目管理基础,2.0,32,通识选修,1,任选课,123,人文学院,周一12节,教三-201,60,60,open,2016052030,曹杰,副研究员,人文学院,,,,
GE120,人工智能与社会,2.0,32,通识选修,1,任选课,124,人文学院,周一12节,教三-201,60,60,open,2016052394,罗燕,讲师,人文学院,,,,
GE120,人工智能与社会,2.0,32,通识选修,1,任选课,125,人文学院,周一12节,教三-201,60,60,open,2016053461,朱荣,讲师,人文学院,,,,
GE120,人工智能与社会,2.0,32,通识选修,1,任选课,126,人文学院,周一12节,教三-201,60,60,open,2010052474,迟凤兰,讲师,人文学院,,,,
IC202,产品开发与项目管理,2.0,32,学科基础,0,任选课,276,国际学院,周三6-7节,教二-108,60,13,open,2008123029,Anita Mclaughlin,讲师,国际学院,,,,
IC202,产品开发与项目管理,2.0,32,学科基础,0,任选课,277,国际学院,周五6-7节,教二-110,60,7,open,2014122279,Danielle Page,讲师,国际学院,,,,
IC202,产品开发与项目管理,2.0,32,学科基础,0,任选课,278,国际学院,周五6-7节,教二-116,60,8,open,2006123229,James Daniels,讲师,国际学院,,,,
IC202,产品开发与项目管理,2.0,32,学科基础,0,任选课,279,国际学院,周一6-7节,教三-205,60,17,open,2012121155,Melanie Hall,讲师,国际学院,,,,
IC202,产品开发与项目管理,2.0,32,学科基础,0,任选课,280,国际学院,周二1-2节,教二-116,60,14,open,2021121373,Annette Davidson,讲师,国际学院,,,,
IC202,产品开发与项目管理,2.0,32,学科基础,0,任选课,281,国际学院,周二1-2节,教二-101,60,17,open,2017121433,Vincent Warren,研究员,国际学院,,,,
IC202,产品开发与项目管理,2.0,32,学科基础,0,任选课,282,国际学院,周三6-7节,教二-106,60,11,open,2010122180,Deborah Morrow,讲师,国际学院,,,,
IC202,产品开发与项目管理,2.0,32,学科基础,0,任选课,283,国际学院,周三6-7节,教二-102,60,6,open,2021121413,Erik King,讲师,国际学院,,,,
IC202,产品开发与项目管理,2.0,32,学科基础,0,任选课,284,国际学院,周一6-7节,教二-103,60,14,open,2016122239,Marcia James,讲师,国际学院,,,,
MA102,高等数学A(下),2.0,32,公共必修,0,任选课,1,理学院,周一6-7节,教二-113,120,120,open,2006012499,张健,讲师,理学院,,,,
MA102,高等数学A(下),2.0,32,公共必修,0,任选课,2,理学院,周五1-2节,教二-102,120,120,open,2012012387,陈兰英,讲师,理学院,,,,
MA102,高等数学A(下),2.0,32,公共必修,0,任选课,3,理学院,周三1-2节,教三-208,120,120,open,2018012038,王鑫,副教授,理学院,,,,
MA102,高等数学A(下),2.0,32,公共必修,0,任选课,4,理学院,周三1-2节,教三-204,120,120,open,2008013470,秦娟,研究员,理学院,,,,
MA102,高等数学A(下),2.0,32,公共必修,0,任选课,5,理学院,周二6-7节,教三-205,120,120,open,2020013267,魏丽华,研究员,理学院,,,,
MA102,高等数学A(下),2.0,32,公共必修,0,任选课,6,理学院,周二1-2节,教三-204,120,120,open,2017012453,位玉英,讲师,理学院,,,,
MA102,高等数学A(下),2.0,32,公共必修,0,任选课,7,理学院,周一6-7节,教二-118,120,120,open,2008012283,钟娟,讲师,理学院,,,,
MA102,高等数学A(下),2.0,32,公共必修,0,任选课,8,理学院,周五1-2节,教二-106,120,120,open,2017011489,汪秀英,讲师,理学院,,,,
MA102,高等数学A(下),2.0,32,公共必修,0,任选课,9,理学院,周四6-7节,教三-210,120,120,open,2019013103,高丽娟,讲师,理学院,,,,
MA102,高等数学A(下),2.0,32,公共必修,0,任选课,10,理学院,周五6-7节,教三-203,120,120,open,2015013467,吴桂英,副研究员,理学院,,,,
MA102,高等数学A(下),2.0,32,公共必修,0,任选课,11,理学院,周一1-2节,教二-114,120,120,open,2006013447,孙峰,讲师,理学院,,,,
MA102,高等数学A(下),2.0,32,公共必修,0,任选课,12,理学院,周一1-2节,教二-115,120,120,open,2017011126,朱洁,讲师,理学院,,,,
MA202,概率论与数理统计,2.0,32,公共必修,0,任选课,13,理学院,周三1-2节,教三-207,120,57,open,2016013473,梁春梅,讲师,理学院,,,,
MA202,概率论与数理统计,2.0,32,公共必修,0,任选课,14,理学院,周二1-2节,教三-202,120,54,open,2017013458,王秀英,讲师,理学院,,,,
MA202,概率论与数理统计,2.0,32,公共必修,0,任选课,15,理学院,周五6-7节,教二-102,120,54,open,2018013100,胡玉珍,副研究员,理学院,,,,
MA202,概率论与数理统计,2.0,32,公共必修,0,任选课,16,理学院,周三6-7节,教二-115,120,76,open,2013013369,陈梅,讲师,理学院,,,,
MA202,概率论与数理统计,2.0,32,公共必修,0,任选课,17,理学院,周一1-2节,教三-203,120,64,open,2016013292,刘丽丽,副教授,理学院,,,,
MA202,概率论与数理统计,2.0,32,公共必修,0,任选课,18,理学院,周四1-2节,教二-104,120,69,open,2009013280,汪玲,讲师,理学院,,,,
MA202,概率论与数理统计,2.0,32,公共必修,0,任选课,19,理学院,周四1-2节,教二-111,120,58,open,2015013224,张桂荣,副教授,理学院,,,,
MA202,概率论与数理统计,2.0,32,公共必修,0,任选课,20,理学院,周三1-2节,教二-112,120,64,open,2013012118,张桂花,副研究员,理学院,,,,
MA202,概率论与数理统计,2.0,32,公共必修,0,任选课,21,理学院,周五6-7节,教二-118,120,64,open,2014011370,张鹏,讲师,理学院,,,,
MA202,概率论与数理统计,2.0,32,公共必修,0,任选课,22,理学院,周二6-7节,教二-120,120,65,open,2005013087,李丹,讲师,理学院,,,,
MA202,概率论与数理统计,2.0,32,公共必修,0,任选课,23,理学院,周二1-2节,教二-107,120,64,open,2011012157,谷晶,讲师,理学院,,,,
MA202,概率论与数理统计,2.0,32,公共必修,0,任选课,24,理学院,周一3-4节,教二-102,120,60,open,2006013447,孙峰,讲师,理学院,,,,
MP202,运筹学基础,2.0,32,学科基础,0,任选课,244,现代邮政学院,周一6-7节,教三-203,60,6,open,2020092047,刘荣,讲师,现代邮政学院,,,,
MP202,运筹学基础,2.0,32,学科基础,0,任选课,245,现代邮政学院,周一6-7节,教二-119,60,9,open,2016092072,邵丹丹,讲师,现代邮政学院,,,,
MP202,运筹学基础,2.0,32,学科基础,0,任选课,246,现代邮政学院,周四6-7节,教三-208,60,15,open,2012091312,魏玉英,讲师,现代邮政学院,,,,
MP202,运筹学基础,2.0,32,学科基础,0,任选课,247,现代邮政学院,周五6-7节,教三-209,60,9,open,2008092221,丁玲,讲师,现代邮政学院,,,,
MP202,运筹学基础,2.0,32,学科基础,0,任选课,248,现代邮政学院,周二1-2节,教二-114,60,21,open,2019092270,杨玉华,讲师,现代邮政学院,,,,
MP202,运筹学基础,2.0,32,学科基础,0,任选课,249,现代邮政学院,周一6-7节,教二-108,60,8,open,2006092401,王涛,讲师,现代邮政学院,,,,
MP202,运筹学基础,2.0,32,学科基础,0,任选课,250,现代邮政学院,周三6-7节,教二-117,60,19,open,2012091313,孔兵,讲师,现代邮政学院,,,,
MP202,运筹学基础,2.0,32,学科基础,0,任选课,251,现代邮政学院,周一1-2节,教二-119,60,13,open,2007093318,杨玲,讲师,现代邮政学院,,,,
MP202,运筹学基础,2.0,32,学科基础,0,任选课,252,现代邮政学院,周一6-7节,教三-207,60,8,open,2020093026,赵桂英,讲师,现代邮政学院,,,,
MP302,供应链管理,2.0,32,专业必修,0,学位课,253,现代邮政学院,周四6-7节,教三-205,60,36,open,2020093026,赵桂英,讲师,现代邮政学院,,,,
MP302,供应链管理,2.0,32,专业必修,0,学位课,254,现代邮政学院,周一6-7节,教二-109,60,27,open,2013093147,王云,副研究员,现代邮政学院,,,,
MP302,供应链管理,2.0,32,专业必修,0,学位课,255,现代邮政学院,周五1-2节,教三-210,60,25,open,2021091483,俞帆,研究员,现代邮政学院,,,,
MP302,供应链管理,2.0,32,专业必修,0,学位课,256,现代邮政学院,周五1-2节,教三-208,60,20,open,2018092097,刘丽华,讲师,现代邮政学院,,,,
MP402,物流系统规划与设计,2.0,32,专业选修,0,任选课,257,现代邮政学院,周三6-7节,教二-112,60,0,open,2012091476,赵芳,讲师,现代邮政学院,,,,
MP402,物流系统规划与设计,2.0,32,专业选修,0,任选课,258,现代邮政学院,周五1-2节,主-报告厅,60,0,open,2008091181,谭凤英,副研究员,现代邮政学院,,,,
PE102,大学体育2,2.0,32,公共必修,0,任选课,61,体育部,周五1-2节,体-馆-1,120,120,open,2006031113,明霞,副研究员,体育部,,,,
PE102,大学体育2,2.0,32,公共必修,0,任选课,62,体育部,周五6-7节,体-馆-1,120,120,open,2007032214,桂强,讲师,体育部,,,,
PE102,大学体育2,2.0,32,公共必修,0,任选课,63,体育部,周二6-7节,体-馆-1,120,120,open,2016031262,彭建军,讲师,体育部,,,,
PE102,大学体育2,2.0,32,公共必修,0,任选课,64,体育部,周二1-2节,体-馆-1,120,120,open,2008032327,赵楠,副研究员,体育部,,,,
PE102,大学体育2,2.0,32,公共必修,0,任选课,65,体育部,周五8-9节,体-馆-1,120,120,open,2007033154,陈志强,副研究员,体育部,,,,
PE102,大学体育2,2.0,32,公共必修,0,任选课,66,体育部,周三1-2节,体-馆-1,120,120,open,2020031105,朱秀英,教授,体育部,,,,
PE102,大学体育2,2.0,32,公共必修,0,任选课,67,体育部,周二8-9节,体-馆-1,120,120,open,2012032257,杨欣,研究员,体育部,,,,
PE102,大学体育2,2.0,32,公共必修,0,任选课,68,体育部,周二3-4节,体-馆-1,120,120,open,2005031007,马秀荣,讲师,体育部,,,,
PE102,大学体育2,2.0,32,公共必修,0,任选课,69,体育部,周一1-2节,体-馆-1,120,120,open,2021033040,韩飞,副教授,体育部,,,,
PE102,大学体育2,2.0,32,公共必修,0,任选课,70,体育部,周二10-11节,体-馆-1,120,120,open,2019032235,周帆,讲师,体育部,,,,
PE102,大学体育2,2.0,32,公共必修,0,任选课,71,体育部,周四1-2节,体-馆-1,120,120,open,2020033354,叶瑞,副教授,体育部,,,,
PE102,大学体育2,2.0,32,公共必修,0,任选课,72,体育部,周四3-4节,体-馆-1,120,120,open,2010032359,王红,讲师,体育部,,,,
PE104,大学体育4,2.0,32,公共必修,0,任选课,73,体育部,周三3-4节,体-馆-1,120,63,open,2019033153,冯磊,讲师,体育部,,,,
PE104,大学体育4,2.0,32,公共必修,0,任选课,74,体育部,周一6-7节,体-馆-1,120,48,open,2007033154,陈志强,副研究员,体育部,,,,
PE104,大学体育4,2.0,32,公共必修,0,任选课,75,体育部,周三6-7节,体-馆-1,120,59,open,2011031094,刘建华,讲师,体育部,,,,
PE104,大学体育4,2.0,32,公共必修,0,任选课,76,体育部,周四6-7节,体-馆-1,120,44,open,2016031262,彭建军,讲师,体育部,,,,
PE104,大学体育4,2.0,32,公共必修,0,任选课,77,体育部,周五10-11节,体-馆-1,120,66,open,2012032257,杨欣,研究员,体育部,,,,
PE104,大学体育4,2.0,32,公共必修,0,任选课,78,体育部,周三8-9节,体-馆-1,120,73,open,2013032054,孟颖,讲师,体育部,,,,
PE104,大学体育4,2.0,32,公共必修,0,任选课,79,体育部,周一3-4节,体-馆-1,120,63,open,2017031460,张健,讲师,体育部,,,,
PE104,大学体育4,2.0,32,公共必修,0,任选课,80,体育部,周五3-4节,体-馆-1,120,68,open,2019033340,王静,讲师,体育部,,,,
PE104,大学体育4,2.0,32,公共必修,0,任选课,81,体育部,周四8-9节,体-馆-1,120,73,open,2018031021,王丽娟,讲师,体育部,,,,
PE104,大学体育4,2.0,32,公共必修,0,任选课,82,体育部,周三10-11节,体-馆-1,120,80,open,2021032170,谌龙,讲师,体育部,,,,
PE104,大学体育4,2.0,32,公共必修,0,任选课,83,体育部,周一8-9节,体-馆-1,120,56,open,2018031218,钟荣,讲师,体育部,,,,
PE104,大学体育4,2.0,32,公共必修,0,任选课,84,体育部,周一10-11节,体-馆-1,120,56,open,2020031105,朱秀英,教授,体育部,,,,
PH102,大学物理A(下),2.0,32,公共必修,0,任选课,25,理学院,周四1-2节,教三-205,120,120,open,2010013018,刘玉华,副教授,理学院,,,,
PH102,大学物理A(下),2.0,32,公共必修,0,任选课,26,理学院,周三1-2节,主-报告厅,120,120,open,2014011370,张鹏,讲师,理学院,,,,
PH102,大学物理A(下),2.0,32,公共必修,0,任选课,27,理学院,周三1-2节,教二-107,120,120,open,2006012499,张健,讲师,理学院,,,,
PH102,大学物理A(下),2.0,32,公共必修,0,任选课,28,理学院,周四6-7节,教二-118,120,120,open,2016013292,刘丽丽,副教授,理学院,,,,
PH102,大学物理A(下),2.0,32,公共必修,0,任选课,29,理学院,周四1-2节,教二-114,120,120,open,2019013103,高丽娟,讲师,理学院,,,,
PH102,大学物理A(下),2.0,32,公共必修,0,任选课,30,理学院,周三1-2节,教二-104,120,120,open,2016013328,张欢,讲师,理学院,,,,
PH102,大学物理A(下),2.0,32,公共必修,0,任选课,31,理学院,周三1-2节,教三-209,120,120,open,2008013361,祝建国,研究员,理学院,,,,
PH102,大学物理A(下),2.0,32,公共必修,0,任选课,32,理学院,周一6-7节,教二-115,120,120,open,2006013447,孙峰,讲师,理学院,,,,
PH102,大学物理A(下),2.0,32,公共必修,0,任选课,33,理学院,周一6-7节,教三-206,120,120,open,2008011258,黄成,副研究员,理学院,,,,
PH102,大学物理A(下),2.0,32,公共必修,0,任选课,34,理学院,周五1-2节,教二-111,120,120,open,2010011148,王帅,副教授,理学院,,,,
PH102,大学物理A(下),2.0,32,公共必修,0,任选课,35,理学院,周五8-9节,主-报告厅,120,120,open,2015013467,吴桂英,副研究员,理学院,,,,
PH102,大学物理A(下),2.0,32,公共必修,0,任选课,36,理学院,周四1-2节,教二-119,120,120,open,2015011022,林玉英,副教授,理学院,,,,
SC202,安全数学基础,2.0,32,学科基础,0,任选课,212,网络空间安全学院,周四6-7节,教二-102,60,12,open,2007102107,赵玉英,讲师,网络空间安全学院,,,,
SC202,安全数学基础,2.0,32,学科基础,0,任选课,213,网络空间安全学院,周五6-7节,教二-113,60,7,open,2013101011,蔡桂兰,讲师,网络空间安全学院,,,,
SC202,安全数学基础,2.0,32,学科基础,0,任选课,214,网络空间安全学院,周三6-7节,教二-120,60,17,open,2011102386,潘莉,研究员,网络空间安全学院,,,,
SC202,安全数学基础,2.0,32,学科基础,0,任选课,215,网络空间安全学院,周五6-7节,教二-108,60,6,open,2005103353,侯婷婷,讲师,网络空间安全学院,,,,
SC202,安全数学基础,2.0,32,学科基础,0,任选课,216,网络空间安全学院,周四6-7节,教三-202,60,8,open,2015103408,沈玉,讲师,网络空间安全学院,,,,
SC202,安全数学基础,2.0,32,学科基础,0,任选课,217,网络空间安全学院,周一6-7节,教三-208,60,17,open,2012102014,刘玉梅,讲师,网络空间安全学院,,,,
SC202,安全数学基础,2.0,32,学科基础,0,任选课,218,网络空间安全学院,周二6-7节,教二-117,60,16,open,2018101405,陈瑞,讲师,网络空间安全学院,,,,
SC202,安全数学基础,2.0,32,学科基础,0,任选课,219,网络空间安全学院,周二1-2节,教三-209,60,9,open,2006101324,聂琳,讲师,网络空间安全学院,,,,
SC202,安全数学基础,2.0,32,学科基础,0,任选课,220,网络空间安全学院,周四1-2节,教二-113,60,14,open,2009101416,崔雪,讲师,网络空间安全学院,,,,
SC302,操作系统安全,2.0,32,专业选修,0,任选课,221,网络空间安全学院,周一1-2节,教三-207,60,0,open,2005103487,张鹏,研究员,网络空间安全学院,,,,
SC302,操作系统安全,2.0,32,专业选修,0,任选课,222,网络空间安全学院,周三6-7节,教二-103,60,0,open,2007102206,廖玉华,讲师,网络空间安全学院,,,,
SC304,恶意代码分析,2.0,32,专业选修,0,任选课,223,网络空间安全学院,周三1-2节,教二-109,60,0,open,2005103400,贾明,讲师,网络空间安全学院,,,,
SC304,恶意代码分析,2.0,32,专业选修,0,任选课,224,网络空间安全学院,周一6-7节,教二-112,60,0,open,2018103349,龙宇,讲师,网络空间安全学院,,,,
SC402,安全攻防实践,2.0,32,专业选修,0,任选课,225,网络空间安全学院,周一1-2节,教三-206,60,0,open,2006103142,刘欢,讲师,网络空间安全学院,,,,
SC402,安全攻防实践,2.0,32,专业选修,0,任选课,226,网络空间安全学院,周二1-2节,教二-110,60,0,open,2013101011,蔡桂兰,讲师,网络空间安全学院,,,,
SE402,需求工程,2.0,32,专业必修,0,学位课,193,计算机学院,周一6-7节,教二-110,60,22,open,2010063336,姚旭,讲师,计算机学院,,,,
SE402,需求工程,2.0,32,专业必修,0,学位课,194,计算机学院,周二1-2节,教二-117,60,27,open,2005063053,卢杰,研究员,计算机学院,,,,
SE402,需求工程,2.0,32,专业必修,0,学位课,195,计算机学院,周五1-2节,教二-120,60,34,open,2020061306,梁静,副教授,计算机学院,,,,
SE402,需求工程,2.0,32,专业必修,0,学位课,196,计算机学院,周五1-2节,教三-202,60,23,open,2021063076,张艳,讲师,计算机学院,,,,
TC202,模拟电子技术基础,2.0,32,学科基础,0,任选课,197,信息与通信工程学院,周一1-2节,教三-208,60,16,open,2015072073,韩波,研究员,信息与通信工程学院,,,,
TC202,模拟电子技术基础,2.0,32,学科基础,0,任选课,198,信息与通信工程学院,周四6-7节,教二-111,60,7,open,2016072439,张丽,教授,信息与通信工程学院,,,,
TC202,模拟电子技术基础,2.0,32,学科基础,0,任选课,199,信息与通信工程学院,周一1-2节,教二-116,60,12,open,2017071080,江欣,副研究员,信息与通信工程学院,,,,
TC202,模拟电子技术基础,2.0,32,学科基础,0,任选课,200,信息与通信工程学院,周二6-7节,教二-116,60,18,open,2009073253,李鑫,讲师,信息与通信工程学院,,,,
TC202,模拟电子技术基础,2.0,32,学科基础,0,任选课,201,信息与通信工程学院,周四6-7节,教二-104,60,11,open,2020071056,马桂珍,讲师,信息与通信工程学院,,,,
TC202,模拟电子技术基础,2.0,32,学科基础,0,任选课,202,信息与通信工程学院,周五6-7节,教二-107,60,5,open,2010071271,王燕,讲师,信息与通信工程学院,,,,
TC202,模拟电子技术基础,2.0,32,学科基础,0,任选课,203,信息与通信工程学院,周四6-7节,教二-110,60,5,open,2015071066,陈敏,讲师,信息与通信工程学院,,,,
TC202,模拟电子技术基础,2.0,32,学科基础,0,任选课,204,信息与通信工程学院,周三6-7节,教三-202,60,16,open,2016072188,姚俊,教授,信息与通信工程学院,,,,
TC202,模拟电子技术基础,2.0,32,学科基础,0,任选课,205,信息与通信工程学院,周五1-2节,教二-117,60,17,open,2014073070,谢敏,副教授,信息与通信工程学院,,,,
TC302,通信原理,2.0,32,专业必修,0,学位课,206,信息与通信工程学院,周四6-7节,教三-207,60,30,open,2018072212,黄丽华,研究员,信息与通信工程学院,,,,
TC302,通信原理,2.0,32,专业必修,0,学位课,207,信息与通信工程学院,周四6-7节,教二-108,60,27,open,2005073013,张红梅,研究员,信息与通信工程学院,,,,
TC302,通信原理,2.0,32,专业必修,0,学位课,208,信息与通信工程学院,周三6-7节,教三-206,60,19,open,2021071074,叶建华,讲师,信息与通信工程学院,,,,
TC302,通信原理,2.0,32,专业必修,0,学位课,209,信息与通信工程学院,周三1-2节,教三-210,60,31,open,2010071220,靳丽,讲师,信息与通信工程学院,,,,
TC402,数字通信系统,2.0,32,专业选修,0,任选课,210,信息与通信工程学院,周三6-7节,教二-110,60,0,open,2008073395,陈倩,讲师,信息与通信工程学院,,,,
TC402,数字通信系统,2.0,32,专业选修,0,任选课,211,信息与通信工程学院,周二1-2节,教二-115,60,0,open,2015071066,陈敏,讲师,信息与通信工程学院,,,,
ZX102,马克思主义基本原理,2.0,32,公共必修,0,任选课,85,马克思主义学院,周一6-7节,教二-105,120,66,open,2011021320,傅芳,讲师,马克思主义学院,,,,
ZX102,马克思主义基本原理,2.0,32,公共必修,0,任选课,86,马克思主义学院,周四1-2节,教二-117,120,59,open,2013022233,王华,研究员,马克思主义学院,,,,
ZX102,马克思主义基本原理,2.0,32,公共必修,0,任选课,87,马克思主义学院,周五1-2节,教二-113,120,58,open,2017023472,郑倩,讲师,马克思主义学院,,,,
ZX102,马克思主义基本原理,2.0,32,公共必修,0,任选课,88,马克思主义学院,周四1-2节,教三-203,120,59,open,2006021364,张想,讲师,马克思主义学院,,,,
ZX102,马克思主义基本原理,2.0,32,公共必修,0,任选课,89,马克思主义学院,周四1-2节,教二-112,120,59,open,2020022242,江艳,副教授,马克思主义学院,,,,
ZX102,马克思主义基本原理,2.0,32,公共必修,0,任选课,90,马克思主义学院,周五6-7节,教二-112,120,67,open,2009022380,叶莉,副教授,马克思主义学院,,,,
ZX102,马克思主义基本原理,2.0,32,公共必修,0,任选课,91,马克思主义学院,周四6-7节,教二-101,120,59,open,2021022178,李晨,讲师,马克思主义学院,,,,
ZX102,马克思主义基本原理,2.0,32,公共必修,0,任选课,92,马克思主义学院,周三1-2节,教二-120,120,66,open,2011021246,武丽,讲师,马克思主义学院,,,,
ZX102,马克思主义基本原理,2.0,32,公共必修,0,任选课,93,马克思主义学院,周三6-7节,教二-119,120,46,open,2012022133,吴丽娟,讲师,马克思主义学院,,,,
ZX102,马克思主义基本原理,2.0,32,公共必修,0,任选课,94,马克思主义学院,周三1-2节,教二-116,120,68,open,2007021123,黄欣,讲师,马克思主义学院,,,,
ZX102,马克思主义基本原理,2.0,32,公共必修,0,任选课,95,马克思主义学院,周二6-7节,教二-113,120,73,open,2006022497,姚佳,讲师,马克思主义学院,,,,
ZX102,马克思主义基本原理,2.0,32,公共必修,0,任选课,96,马克思主义学院,周五1-2节,教二-108,120,69,open,2017022379,吴艳,讲师,马克思主义学院,,,,
